Gene,Genotype of heterozygote,Phenotype of selected recombinants,Genotype of selected recombinants (with respect to unselected markers)
lin-65,+ lin-65 + /bli-3 + lin-17; lin-15A(n767),Lin-17,9/19 lin-65/+
,bli-3 + lin-65/+ spe-15 +; lin-15A(n767),Muv,10/18 spe-15/+
,+ lin-65 lin-17/spe-15 + +; lin-15A(n767),Lin-17,11/11 spe-15/+
,bli-3 + + + lin-65 +/+ Y73E7.2 Y71G12B.2,Muv,4/30 Y73E7.2/+
,Y71G12B.17 + Y71G12B.18; lin-15A(n767),Muv,2/30 Y71G12B.2/+
,,Muv,1/30 Y71G12B.17/+
,,Muv,0/30 Y71G12B.18/+
,+ lin-65 + + + lin-17/Y71G12B.17 + Y71G12B.18,Lin-17,17/23 M0ID7.2/+
,Y71G12B.27 M01D7.2 +; lin-15A(n767),Lin-17,18/23 Y71G12B.27/+
,,Lin-17,21/23 Y71G12B.18/+
,,Lin-17,23/23 Y71G12B.17/+
lin(n3542),+ + lin(n3542) lin-15A(n767)/une-10 dp lin-15A(n767),Unc,8/8 lin(n3542)/+
,+ lin(n3542) ++ lin-15A(n767)/dpy-6 +unc-9 lin-15A(n767),Unc,4/40 lin(n3542)/+
lin(n3628),lin(n3628) + +/+ dpy-5 uno-13; lin-15A(n767),Dpy,0/6 lin(n3628)/+
,,Unc,6/6 lin(n3628)/+
,+ lin(n3628)+/unc-1l + dpy-5;lin-15A(n767),Unc,1/11 lin(n3628)/+
,,Dpy,5/11 lin(n3628)/+
,unc-11 + + lin(n3628)/+ unc-73 lin-44 +; in-15A(n767),Muv,3/9 unc-73 lin-44/++
,+ + lin(n3628) dpy-5/unc-73 lin-44 + +; lin-15A(n767),Muv,0/21 unc-73 lin-44/++
,lin(n3628) + dpy-5/+ unc-38 +; lin-15A(n767),Muv,3/7 unc-38/+
,unc-11 lin(n3628) +/+ + unc-38; lin-15A(n767),Muy,0/9 unc-38/+
mep-1,+ dpy-20; lin-15A(n767),Unc,56/57 mep-1/+
,,Dpy,2/61 mep-1/+
,mep-1 + +/+ dpy-20 unc-30; lin-15A(n767),Dpy,0/51 mep-1/+
,,Unc,58/58 mep-1/+
,+ + mep-1 +/unc-24 mec-3 + dpy-20; lin-15A(n767),Unc Mec,10/12 mep-1/+
,,Unc,17/17 mep-1/+
,,Mec Dpy,0/8 mep-1/+
,,Dpy,2/8 mep-1/+
,+ mep-1 dpy-20 +/lin-3 + + unc-22; lin-15A(n767),Dpy,5/5 lin-3/+
,,Vul,3/10 mep-1/+
,+ + mep-1+/mea-3 sem-3 + dpy-20; lin-15A(n767),Mec,17/17 mep-1/+
,,Dpy,6/13 mep-1/+
mys-1,mys-1 +/unc-46 + dpy-11; lin-15A,Unc,3/7 mys-1/+
,,Dpy,7/11 mys-1/+
trr-1,+; lin-15A(n767),Rol,3/14 unc-4/+
,,Dpy,3/3 tri-1/+
,,Unc,0/8 tri-1/+
,trr-1 1+/dpy-10+ rol-1; lin-15A(n767),Rol,9/20 trr-1/+
,tm-1/dpy-10 unc-53+; lin-15A(n767),Unc,0/17 trr-1/+
,trr-1 +/unc-53 + rol-1; lin-15A(n767),Unc,7/10 trr-1/+
,,Rol,7/10 trr-1/+
,trr-1 + rol-1/unc-4 + mex-1 +; lin-15A(n767),Rol,12/14 mex-1/+